{"cameraMode":{"drawMode":0,"name":"Shaded","section":"Shading Mode"},"sceneLighting":true,"audioPlay":false,"sceneViewState":{"showFog":true,"showMaterialUpdate":false,"showSkybox":true,"showFlares":true,"showImageEffects":true,"showParticleSystems":true},"in2DMode":false,"pivot":{"x":5.960464477539063e-8,"y":1.2760000228881837,"z":-1.1920928955078126e-7},"rotation":{"x":-0.31555256247520449,"y":0.18124701082706452,"z":-0.061537060886621478,"w":-0.9294036626815796},"size":3.283458948135376,"orthographic":false}